id_key,year,label_present,label_value,label_predicted,correct,error,explanation,comment,file_path
1215,2018,True,52.01,52.01,True,False,,,data/Praesenzen_hv-info/Adler Real Estate AG-1215/ASM/HV-Beschluss zur ordentlichen Hauptversammlung am 30.05.18.pdf
1362,2014,True,66.53,66.53,True,False,,,data/Praesenzen_hv-info/alstria office REIT-AG-1362/ASM/HV-Beschluss zur ordentlichen Hauptversammlung am 14.05.14.pdf
1368,2007,True,55.09,94.26,False,False,Tatsächlich ein Fehler; Dokument extrem lang und viel Fließtext,,data/Praesenzen_hv-info/Klöckner & Co SE-1368/ASM/HV-Beschluss zur ordentlichen Hauptversammlung am 20.06.07.pdf
2469,2003,True,74.66,74.66,True,False,,,data/Praesenzen_hv-info/Bechtle AG-2469/ASM/HV-Beschluss zur ordentlichen Hauptversammlung am 18.06.13.pdf
2788,2016,True,46.49,46.49,True,False,,,data/Praesenzen_hv-info/Adtran Networks SE-2788/ASM/HV-Beschluss zur ordentlichen Hauptversammlung am 11.05.16.pdf
3248,2003,False,NaN,0.0,True,True,Angabe zum Grundkapital fehlt,[65.494.949],data/Praesenzen_hv-info/Carl Zeiss Meditec AG-3248/ASM/HV-Beschluss zur ordentlichen Hauptversammlung am 19.05.09.pdf
3769,2002,True,45.99,45.99,True,False,,,data/Praesenzen_hv-info/Clere AG-3769/ASM/HV-Beschluss zur ordentlichen Hauptversammlung am 28.01.14.pdf
3955,2014,True,47.94,47.94,True,False,,,data/Praesenzen_hv-info/Brenntag AG-3955/ASM/HV-Beschluss zur ordentlichen Hauptversammlung am 17.06.14.pdf
4643,2008,False,NaN,0.0,True,False,Angabe zum Grundkapital fehlt,,data/Praesenzen_hv-info/ElringKlinger AG-4643/ASM/HV-Beschluss zur ordentlichen Hauptversammlung am 30.05.08.pdf
5318,2009,True,80.69,80.69,True,False,,,data/Praesenzen_hv-info/Grenke AG-5318/ASM/HV-Beschluss zur ordentlichen Hauptversammlung am 12.05.09.pdf
5703,2016,True,75.62,75.62,True,False,"Dokument fehlt, alternatives korrekt bewertet",,data/Praesenzen_hv-info/HORNBACH Holding AG & Co. KGaA-5703/ASM/HV-Beschluss zur ordentlichen Hauptversammlung am 08.07.16.pdf
6861,2020,True,56.87,56.87,True,False,,,data/Praesenzen_hv-info/AIXTRON SE-6861/ASM/HV-Beschluss zur ordentlichen Hauptversammlung am 20.05.20.pdf
7460,2007,True,54.14,54.14,True,False,,,data/Praesenzen_hv-info/Deutsche Lufthansa AG-7460/ASM/HV-Beschluss zur ordentlichen Hauptversammlung am 18.04.07.pdf
8338,2013,True,77.49,77.49,True,False,,,data/Praesenzen_hv-info/Axel Springer SE-8338/ASM/HV-Beschluss zur ordentlichen Hauptversammlung am 24.04.13.pdf
8695,2015,True,42.88,42.88,True,False,,,data/Praesenzen_hv-info/HAMBORNER REIT AG-8695/ASM/HV-Beschluss zur ordentlichen Hauptversammlung am 07.05.15.pdf
8844,2015,True,47.7,47.7,True,False,,,data/Praesenzen_hv-info/1&1 AG-8844/ASM/HV-Beschluss zur ordentlichen Hauptversammlung am 21.05.15.pdf
9433,2015,True,60.3,60.3,True,False,,,data/Praesenzen_hv-info/Encavis AG-9433/ASM/HV-Beschluss zur ordentlichen Hauptversammlung am 23.06.15.pdf
9615,2009,False,NaN,0.0,True,False,,,data/Praesenzen_hv-info/euromicron AG i.I.-9615/ASM/HV-Beschluss zur ordentlichen Hauptversammlung am 18.06.09.pdf
10235,2014,True,55.46,55.46,True,False,,,data/Praesenzen_hv-info/Henkel AG & Co. KGaA-10235/ASM/HV-Beschluss zur ordentlichen Hauptversammlung am 04.04.14.pdf
10468,2005,True,41.22,41.22,True,False,,,data/Praesenzen_hv-info/Allianz SE-10468/ASM/HV-Beschluss zur ordentlichen Hauptversammlung am 03.05.17.pdf
10561,2015,True,82.69,82.69,True,False,,,data/Praesenzen_hv-info/Hamburger Hafen und Logistik AG-10561/ASM/HV-Beschluss zur ordentlichen Hauptversammlung am 11.06.15.pdf
10690,2015,True,86.44,86.4,True,False,"kein gravierender Fehler: Höchsten Wert aus Tabelle statt Deckblattwert verwendet, Tabelle korrekt gelesen und ausgewertet",,data/Praesenzen_hv-info/Hornbach-Baumarkt-Aktiengesellschaft-10690/ASM/HV-Beschluss zur ordentlichen Hauptversammlung am 08.07.15.pdf
11193,2006,True,38.41,38.41,True,False,,,data/Praesenzen_hv-info/BASF SE-11193/ASM/HV-Beschluss zur ordentlichen Hauptversammlung am 04.05.06.pdf
11297,2015,True,78.46,78.46,True,False,,,data/Praesenzen_hv-info/CompuGroup Medical SE & Co. KGaA-11297/ASM/HV-Beschluss zur ordentlichen Hauptversammlung am 20.05.15.pdf
11427,2005,True,71.23,,,False,"Tatsächlich ein Fehler, lässt durch Fehlermeldung bei über Angaben über 99% herausfiltern",,data/Praesenzen_hv-info/Continental AG-11427/ASM/HV-Beschluss zur ordentlichen Hauptversammlung am 23.04.09.pdf
11616,2008,True,62.23,99.97,,False,"Tatsächlich ein Fehler, lässt durch Fehlermeldung bei über Angaben über 99% herausfiltern",,data/Praesenzen_hv-info/Wirecard AG-11616/ASM/HV-Beschluss zur ordentlichen Hauptversammlung am 24.06.08.pdf
11745,2012,True,56.4,56.4,True,False,Testdatensatz fehlerhaft,,data/Praesenzen_hv-info/Jenoptik AG-11745/ASM/HV-Beschluss zur ordentlichen Hauptversammlung am 06.06.12.pdf
12467,2023,True,66.3,66.3,True,False,"Dokument fehlt, alternatives korrekt bewertet",,data/Praesenzen_hv-info/Nordex SE-12467/ASM/HV-Beschluss zur außerordentlichen Hauptversammlung am 27.03.23.pdf
12767,2013,True,29.88,29.88,True,False,,,data/Praesenzen_hv-info/LPKF Laser & Electronics AG-12767/ASM/HV-Beschluss zur ordentlichen Hauptversammlung am 23.05.13.pdf
13084,2013,True,56.86,56.86,True,False,Testdatensatz fehlerhaft,,data/Praesenzen_hv-info/CEWE Stiftung & Co. KGaA-13084/ASM/HV-Beschluss zur ordentlichen Hauptversammlung am 05.06.13.pdf
14425,2015,True,50.82,50.82,True,False,Testdatensatz fehlerhaft,,data/Praesenzen_hv-info/Deutz AG-14425/ASM/HV-Beschluss zur ordentlichen Hauptversammlung am 29.04.15.pdf
14429,2000,True,76.15,0.0,True,True,"Fehler in der Bewertung, aber abgefangen und als Fehler angezeigt",1,data/Praesenzen_hv-info/BMW Bayerische Motoren Werke AG-14429/ASM/HV-Beschluss zur ordentlichen Hauptversammlung am 14.05.09.pdf
14432,2021,True,76.24,76.24,True,False,,,data/Praesenzen_hv-info/Beiersdorf AG-14432/ASM/HV-Beschluss zur ordentlichen Hauptversammlung am 01.04.21.pdf
14435,2007,True,49.49,49.49,True,False,,,data/Praesenzen_hv-info/GEA Group AG-14435/ASM/HV-Beschluss zur ordentlichen Hauptversammlung am 30.04.07.pdf
14436,2010,True,68.18,68.18,True,False,Testdatensatz fehlerhaft,,data/Praesenzen_hv-info/TUI AG-14436/ASM/HV-Beschluss zur ordentlichen Hauptversammlung am 17.02.10.pdf
14438,2013,True,74.87,74.87,True,False,Testdatensatz fehlerhaft,,data/Praesenzen_hv-info/Heidelberg Materials AG-14438/ASM/HV-Beschluss zur ordentlichen Hauptversammlung am 08.05.13.pdf
14442,2011,True,70.49,70.49,True,False,,,data/Praesenzen_hv-info/BayWa AG-14442/ASM/HV-Beschluss zur ordentlichen Hauptversammlung am 15.06.11.pdf
14446,2007,True,67.47,67.47,True,False,Testdatensatz fehlerhaft,,data/Praesenzen_hv-info/Software AG-14446/ASM/HV-Beschluss zur ordentlichen Hauptversammlung am 11.05.07.pdf
14449,2012,True,73.75,73.75,True,False,Testdatensatz fehlerhaft,,data/Praesenzen_hv-info/Gerry Weber International AG-14449/ASM/HV-Beschluss zur ordentlichen Hauptversammlung am 05.06.12.pdf
14457,2009,True,48.79,48.79,True,False,,,data/Praesenzen_hv-info/adidas AG-14457/ASM/HV-Beschluss zur ordentlichen Hauptversammlung am 07.05.09.pdf
14497,2013,True,78.76,78.76,True,False,Testdatensatz fehlerhaft,,data/Praesenzen_hv-info/MAN SE-14497/ASM/HV-Beschluss zur ordentlichen Hauptversammlung am 06.06.13.pdf
14510,2007,False,NaN,0.0,True,False,Angabe zum Grundkapital fehlt,,data/Praesenzen_hv-info/elexis AG-14510/ASM/HV-Beschluss zur ordentlichen Hauptversammlung am 16.05.07.pdf
14517,2013,True,57.53,57.53,True,False,,,data/Praesenzen_hv-info/United Internet AG-14517/ASM/HV-Beschluss zur ordentlichen Hauptversammlung am 23.05.13.pdf
14519,2010,True,58.93,58.93,True,False,,,data/Praesenzen_hv-info/Amadeus Fire AG-14519/ASM/HV-Beschluss zur ordentlichen Hauptversammlung am 27.05.10.pdf
14521,2013,True,73.61,73.61,True,False,,,data/Praesenzen_hv-info/Branicks Group AG-14521/ASM/HV-Beschluss zur ordentlichen Hauptversammlung am 03.07.13.pdf
14526,2013,True,31.12,31.12,True,False,Testdatensatz fehlerhaft,,data/Praesenzen_hv-info/SolarWorld AG i.L.-14526/ASM/HV-Beschluss zur außerordentlichen Hauptversammlung am 07.08.13.pdf
14527,2012,True,75.98,75.98,True,False,,,data/Praesenzen_hv-info/zooplus SE-14527/ASM/HV-Beschluss zur ordentlichen Hauptversammlung am 22.05.12.pdf
14536,2003,True,43.42,43.42,True,False,Testdatensatz fehlerhaft,,data/Praesenzen_hv-info/q.beyond AG-14536/ASM/HV-Beschluss zur ordentlichen Hauptversammlung am 29.05.13.pdf
14539,2010,True,29.2,29.2,True,False,Testdatensatz fehlerhaft,,data/Praesenzen_hv-info/Deutsche Bank AG-14539/ASM/HV-Beschluss zur ordentlichen Hauptversammlung am 27.05.10.pdf
14543,2011,True,68.11,68.11,True,False,,,data/Praesenzen_hv-info/Delticom AG-14543/ASM/HV-Beschluss zur ordentlichen Hauptversammlung am 03.05.11.pdf
14547,2012,True,14.79,14.79,True,False,Testdatensatz fehlerhaft,,data/Praesenzen_hv-info/Gigaset AG-14547/ASM/HV-Beschluss zur ordentlichen Hauptversammlung am 12.06.12.pdf
14554,2022,True,72.55,72.55,True,False,,,data/Praesenzen_hv-info/BAUER AG-14554/ASM/HV-Beschluss zur außerordentlichen Hauptversammlung am 18.11.22.pdf
14576,2011,True,91.99,0.0,True,True,"Fehler in der Bewertung, aber abgefangen und als Fehler angezeigt",,data/Praesenzen_hv-info/Volkswagen AG-14576/ASM/HV-Beschluss zur ordentlichen Hauptversammlung am 03.05.11.pdf
14587,2006,True,83.46,83.46,False,False,Tatsächlich ein Fehler,,data/Praesenzen_hv-info/Biotest AG-14587/ASM/HV-Beschluss zur ordentlichen Hauptversammlung am 11.05.06.pdf
14595,2019,True,60.32,60.32,True,False,"Dokument fehlt, alternatives korrekt bewertet",,data/Praesenzen_hv-info/Kontron AG-14595/ASM/HV-Beschluss zur ordentlichen Hauptversammlung am 21.05.19.pdf
14597,2010,True,90.3,90.3,True,False,Testdatensatz fehlerhaft,,data/Praesenzen_hv-info/Hugo Boss AG-14597/ASM/HV-Beschluss zur ordentlichen Hauptversammlung am 21.06.10.pdf
14642,2014,True,66.97,66.97,True,False,Testdatensatz fehlerhaft,,data/Praesenzen_hv-info/Centrotec SE-14642/ASM/HV-Beschluss zur ordentlichen Hauptversammlung am 20.05.14.pdf
14644,2021,True,55.28,0.0,True,True,"Fehler in der Bewertung, aber abgefangen und als Fehler angezeigt; vermutlich wegen Länge des Dokuments",1,data/Praesenzen_hv-info/Aareal Bank AG-14644/ASM/HV-Beschluss zur ordentlichen Hauptversammlung am 18.05.21.pdf
14653,2021,True,32.7,32.7,True,False,"Dokument fehlt, alternatives korrekt bewertet",,data/Praesenzen_hv-info/Leoni AG-14653/ASM/HV-Beschluss zur ordentlichen Hauptversammlung am 19.05.21.pdf
14659,2014,True,42.11,42.11,True,False,,,data/Praesenzen_hv-info/CANCOM SE-14659/ASM/HV-Beschluss zur ordentlichen Hauptversammlung am 25.06.14.pdf
14666,2012,True,84.11,,,False,"Tatsächlich ein Fehler, lässt durch Fehlermeldung bei über Angaben über 99% herausfiltern",,data/Praesenzen_hv-info/comdirect bank AG-14666/ASM/HV-Beschluss zur ordentlichen Hauptversammlung am 09.05.12.pdf
14679,2012,True,84.1,99.53,,False,"Tatsächlich ein Fehler, lässt durch Fehlermeldung bei über Angaben über 99% herausfiltern",,data/Praesenzen_hv-info/CTS Eventim AG & Co. KGaA-14679/ASM/HV-Beschluss zur ordentlichen Hauptversammlung am 15.05.12.pdf
14680,2007,True,57.05,57.05,True,False,Testdatensatz fehlerhaft,,data/Praesenzen_hv-info/Lanxess AG-14680/ASM/HV-Beschluss zur ordentlichen Hauptversammlung am 31.05.07.pdf
14705,2019,True,63.72,63.72,True,False,,,data/Praesenzen_hv-info/Borussia Dortmund GmbH & Co. KGaA-14705/ASM/HV-Beschluss zur ordentlichen Hauptversammlung am 25.11.19.pdf
14716,2015,True,36.15,36.15,True,False,"Dokument fehlt, alternatives korrekt bewertet",,data/Praesenzen_hv-info/Mercedes-Benz Group AG-14716/ASM/HV-Beschluss zur ordentlichen Hauptversammlung am 01.04.15.pdf
14721,2022,True,55.79,55.79,True,False,"Dokument fehlt, alternatives korrekt bewertet",,data/Praesenzen_hv-info/Deutsche Beteiligungs AG - DBAG-14721/ASM/HV-Beschluss zur ordentlichen Hauptversammlung am 17.02.22.pdf
14730,2023,True,58.69,58.69,True,False,"Dokument fehlt, alternatives korrekt bewertet",,data/Praesenzen_hv-info/Koenig & Bauer AG-14730/ASM/HV-Beschluss zur ordentlichen Hauptversammlung am 16.06.23.pdf
14731,2011,True,79.25,79.25,True,False,"Dokument fehlt, alternatives korrekt bewertet",,data/Praesenzen_hv-info/Fraport AG (Flughafen Frankfurt a. M. AG)-14731/ASM/HV-Beschluss zur ordentlichen Hauptversammlung am 01.06.11.pdf
14733,2009,True,61.16,99.97,,False,"Tatsächlich ein Fehler, lässt durch Fehlermeldung bei über Angaben über 99% herausfiltern",,data/Praesenzen_hv-info/Deutsche Telekom AG-14733/ASM/HV-Beschluss zur ordentlichen Hauptversammlung am 30.04.09.pdf
14737,2012,True,34.54,34.54,True,False,,,data/Praesenzen_hv-info/Stada Arzneimittel AG-14737/ASM/HV-Beschluss zur ordentlichen Hauptversammlung am 30.05.12.pdf
14766,2011,True,45.9,0.0,True,True,"Fehler in der Bewertung, aber abgefangen und als Fehler angezeigt",,data/Praesenzen_hv-info/Deutsche Post AG-14766/ASM/HV-Beschluss zur ordentlichen Hauptversammlung am 29.05.13.pdf
14774,2006,True,75.49,75.49,True,False,,,data/Praesenzen_hv-info/Dürr AG-14774/ASM/HV-Beschluss zur ordentlichen Hauptversammlung am 24.05.06.pdf
14789,2010,True,35.48,35.48,True,False,,,data/Praesenzen_hv-info/Evotec AG-14789/ASM/HV-Beschluss zur ordentlichen Hauptversammlung am 10.06.10.pdf
14804,2013,True,35.55,35.55,True,False,,,data/Praesenzen_hv-info/SMT Scharf AG-14804/ASM/HV-Beschluss zur ordentlichen Hauptversammlung am 17.04.13.pdf
14805,2021,True,53.17,53.17,True,False,,,data/Praesenzen_hv-info/Bayer AG-14805/ASM/HV-Beschluss zur ordentlichen Hauptversammlung am 27.04.21.pdf
14821,2011,True,85.08,85.08,True,False,,,data/Praesenzen_hv-info/Fielmann AG-14821/ASM/HV-Beschluss zur ordentlichen Hauptversammlung am 07.07.11.pdf
14829,2012,True,75.53,75.53,True,False,"Dokument fehlt, alternatives korrekt bewertet",,data/Praesenzen_hv-info/Fresenius SE & Co. KGaA-14829/ASM/HV-Beschluss zur ordentlichen Hauptversammlung am 11.05.12.pdf
14829,2012,True,75.53,75.53,True,False,"Dokument fehlt, alternatives korrekt bewertet",,data/Praesenzen_hv-info/Fresenius SE & Co. KGaA-14829/ASM/HV-Beschluss zur ordentlichen Hauptversammlung am 11.05.12.pdf
14830,2010,True,74.29,74.29,True,False,"Dokument fehlt, alternatives korrekt bewertet",,data/Praesenzen_hv-info/Fresenius Medical Care AG & Co. KGaA-14830/ASM/HV-Beschluss zur ordentlichen Hauptversammlung am 11.05.10.pdf
14833,2005,True,80.8,0.0,True,True,,Keine Kopfzeile gefunden,data/Praesenzen_hv-info/FUCHS SE-14833/ASM/HV-Beschluss zur ordentlichen Hauptversammlung am 11.05.11.pdf
14834,2008,False,NaN,0.0,True,True,Angabe zum Grundkapital fehlt,0,data/Praesenzen_hv-info/freenet AG-14834/ASM/HV-Beschluss zur ordentlichen Hauptversammlung am 08.08.08.pdf
14835,2015,True,51.19,51.19,True,False,,,data/Praesenzen_hv-info/GFT Technologies SE-14835/ASM/HV-Beschluss zur ordentlichen Hauptversammlung am 23.06.15.pdf
14838,2006,True,44.86,99.99,,False,"Fehler, lässt durch Fehlermeldung bei über Angaben über 99% herausfiltern, außerdem fehlt Angabe zum Grundkapital",,data/Praesenzen_hv-info/Deutsche Börse AG-14838/ASM/HV-Beschluss zur ordentlichen Hauptversammlung am 24.05.06.pdf
14846,2013,True,67.06,67.06,True,False,,,data/Praesenzen_hv-info/McKesson Europe AG-14846/ASM/HV-Beschluss zur ordentlichen Hauptversammlung am 16.05.13.pdf
14857,2007,True,80.18,80.18,True,False,,,data/Praesenzen_hv-info/GfK SE-14857/ASM/HV-Beschluss zur ordentlichen Hauptversammlung am 23.05.07.pdf
14859,2010,True,36.06,36.06,True,False,,,data/Praesenzen_hv-info/GESCO AG-14859/ASM/HV-Beschluss zur ordentlichen Hauptversammlung am 02.09.10.pdf
14860,2011,True,44.41,44.41,True,False,,,data/Praesenzen_hv-info/DMG MORI AG-14860/ASM/HV-Beschluss zur ordentlichen Hauptversammlung am 13.05.11.pdf
14866,2008,False,NaN,0.0,True,True,Angabe zum Grundkapital fehlt,0,data/Praesenzen_hv-info/Grammer AG-14866/ASM/HV-Beschluss zur ordentlichen Hauptversammlung am 28.05.08.pdf
14884,2011,True,52.37,52.37,True,False,Testdaten fehlerhaft,,data/Praesenzen_hv-info/Bilfinger SE-14884/ASM/HV-Beschluss zur ordentlichen Hauptversammlung am 31.05.11.pdf
14909,2011,True,75.43,75.43,True,False,"Dokument fehlt, alternatives korrekt bewertet",,data/Praesenzen_hv-info/Hawesko Holding AG-14909/ASM/HV-Beschluss zur ordentlichen Hauptversammlung am 20.06.11.pdf
14930,2009,True,60.91,99.99,,False,"Fehler, lässt durch Fehlermeldung bei über Angaben über 99% herausfiltern",,data/Praesenzen_hv-info/Hochtief AG-14930/ASM/HV-Beschluss zur ordentlichen Hauptversammlung am 07.05.09.pdf
14954,2009,True,29.83,29.83,True,False,,,data/Praesenzen_hv-info/Indus Holding AG-14954/ASM/HV-Beschluss zur ordentlichen Hauptversammlung am 01.07.09.pdf
14958,2007,True,53.0,53.0,True,False,"Testdatensatz fehlerhaft, Dokument spricht nur von ""über 53% des Grundkapitals""",,data/Praesenzen_hv-info/KUKA AG-14958/ASM/HV-Beschluss zur ordentlichen Hauptversammlung am 16.05.07.pdf
14960,2012,True,48.05,48.05,True,False,Testdatensatz fehlerhaft,,data/Praesenzen_hv-info/IVG Immobilien AG-14960/ASM/HV-Beschluss zur ordentlichen Hauptversammlung am 15.05.12.pdf
14973,2007,True,100,100.0,,False,"Unsicher, aber wenn 100% des Stammkapitals = 100% des Grundkapitals, dann korrekt",,data/Praesenzen_hv-info/Jungheinrich AG-14973/ASM/HV-Beschluss zur ordentlichen Hauptversammlung am 15.06.10.pdf
14985,2010,True,50.8,50.36,,False,"kein gravierender Fehler, Angabe über Text übersehen, aber Tabelle korrekt ausgelesen",,data/Praesenzen_hv-info/Infineon Technologies AG-14985/ASM/HV-Beschluss zur ordentlichen Hauptversammlung am 11.02.10.pdf
15018,2014,True,81.9,81.9,True,False,Rundungsfehler in den Testdaten,,data/Praesenzen_hv-info/KRONES AG-15018/ASM/HV-Beschluss zur ordentlichen Hauptversammlung am 25.06.14.pdf
15031,2015,True,80.1,80.1,True,False,,,data/Praesenzen_hv-info/Nemetschek SE-15031/ASM/HV-Beschluss zur ordentlichen Hauptversammlung am 20.05.15.pdf
15039,2009,True,62.56,99.99,,False,"Fehler, lässt durch Fehlermeldung bei über Angaben über 99% herausfiltern, außerdem keine Angabe zum Grundkapital",,data/Praesenzen_hv-info/Linde AG-15039/ASM/HV-Beschluss zur ordentlichen Hauptversammlung am 15.05.09.pdf
15057,2006,True,65.43,65.43,True,False,Testdatensatz fehlerhaft,,data/Praesenzen_hv-info/MLP  SE-15057/ASM/HV-Beschluss zur ordentlichen Hauptversammlung am 31.05.06.pdf
15073,2008,True,54.96,,True,False,Fehler im Testdatensatz,,data/Praesenzen_hv-info/Merck KGaA-15073/ASM/HV-Beschluss zur ordentlichen Hauptversammlung am 28.03.08.pdf
15077,2006,True,73.28,99.96,,False,"Fehler, lässt durch Fehlermeldung bei über Angaben über 99% herausfiltern, außerdem fehlt Angabe zum Grundkapital",,data/Praesenzen_hv-info/Medion AG-15077/ASM/HV-Beschluss zur ordentlichen Hauptversammlung am 11.05.07.pdf
15099,2013,True,41.55,41.55,True,False,,,data/Praesenzen_hv-info/Morphosys AG-15099/ASM/HV-Beschluss zur ordentlichen Hauptversammlung am 04.06.13.pdf
15160,2006,True,49.83,,False,False,Fehler,,data/Praesenzen_hv-info/Pfeiffer Vacuum Technology AG-15160/ASM/HV-Beschluss zur ordentlichen Hauptversammlung am 31.05.06.pdf
15178,2014,True,56.06,56.06,True,False,Testdatensatz fehlerhaft,,data/Praesenzen_hv-info/PSI Software AG-15178/ASM/HV-Beschluss zur ordentlichen Hauptversammlung am 06.05.14.pdf
15179,2010,False,NaN,100.0,,False,"Dokument fehlt, alternatives fehlerhaft bewertet, lässt sich mit Prüfung über 99% verhindern [Anm 2025: Angabe zum Grundkapital fehlt?]",,data/Praesenzen_hv-info/PUMA SE-15179/ASM/HV-Beschluss zur ordentlichen Hauptversammlung am 20.04.10.pdf
15188,2006,True,93.02,93.02,True,False,Testdatensatz fehlerhaft,,data/Praesenzen_hv-info/Rational AG-15188/ASM/HV-Beschluss zur ordentlichen Hauptversammlung am 03.05.17.pdf
15198,2007,True,50.58,50.58,True,False,Testdatensatz fehlerhaft,,data/Praesenzen_hv-info/Rheinmetall AG-15198/ASM/HV-Beschluss zur ordentlichen Hauptversammlung am 08.05.07.pdf
15203,2012,True,58.06,58.06,True,False,Testdatensatz fehlerhaft,,data/Praesenzen_hv-info/RWE AG-15203/ASM/HV-Beschluss zur ordentlichen Hauptversammlung am 19.04.12.pdf
15207,2017,True,80.96,80.96,True,False,"Dokument fehlt, alternatives korrekt bewertet",,data/Praesenzen_hv-info/RHÖN-KLINIKUM AG-15207/ASM/HV-Beschluss zur ordentlichen Hauptversammlung am 07.06.17.pdf
15217,2006,True,74.60,100.0,,False,"Dokument fehlt, alternatives fehlerhaft bewertet, lässt durch Fehlermeldung bei Angaben über 99% herausfiltern",,data/Praesenzen_hv-info/KWS SAAT SE & Co. KGaA-15217/ASM/HV-Beschluss zur ordentlichen Hauptversammlung am 14.12.06.pdf
15222,2011,True,54.72,99.07,,False,"Dokument fehlt, alternatives fehlerhaft bewertet, lässt durch Fehlermeldung bei über Angaben über 99% herausfiltern",,data/Praesenzen_hv-info/K+S Aktiengesellschaft-15222/ASM/HV-Beschluss zur ordentlichen Hauptversammlung am 11.05.11.pdf
15226,2011,True,65.5,65.5,True,False,,,data/Praesenzen_hv-info/SAP SE-15226/ASM/HV-Beschluss zur ordentlichen Hauptversammlung am 25.05.11.pdf
15227,2013,True,95.19,95.19,True,False,Testdatensatz fehlerhaft,,data/Praesenzen_hv-info/Sartorius AG-15227/ASM/HV-Beschluss zur ordentlichen Hauptversammlung am 18.04.13.pdf
15230,2012,True,50.8,50.8,True,False,,,data/Praesenzen_hv-info/Schaltbau Holding AG-15230/ASM/HV-Beschluss zur ordentlichen Hauptversammlung am 06.06.12.pdf
15248,2012,True,70.85,70.85,True,False,Testdatensatz fehlerhaft,,data/Praesenzen_hv-info/Schuler AG-15248/ASM/HV-Beschluss zur ordentlichen Hauptversammlung am 18.04.12.pdf
15262,2013,True,26.9,26.9,True,False,,,data/Praesenzen_hv-info/Süss MicroTec SE-15262/ASM/HV-Beschluss zur ordentlichen Hauptversammlung am 19.06.13.pdf
15267,2013,True,47.0,47.0,True,False,"Dokument fehlt, alternatives korrekt bewertet",,data/Praesenzen_hv-info/Sixt SE-15267/ASM/HV-Beschluss zur ordentlichen Hauptversammlung am 20.06.13.pdf
15268,2007,False,NaN,0.0,True,True,Angabe zum Grundkapital fehlt,Keine Kopfzeile gefunden,data/Praesenzen_hv-info/SGL Carbon SE-15268/ASM/HV-Beschluss zur ordentlichen Hauptversammlung am 27.04.07.pdf
15277,2012,True,66.91,66.91,True,False,,,data/Praesenzen_hv-info/STRATEC SE-15277/ASM/HV-Beschluss zur ordentlichen Hauptversammlung am 16.05.12.pdf
15290,2012,True,89.51,89.51,True,False,,,data/Praesenzen_hv-info/MVV Energie AG-15290/ASM/HV-Beschluss zur ordentlichen Hauptversammlung am 16.03.12.pdf
15292,2022,True,80.27,80.27,True,False,"Dokument fehlt, alternatives korrekt bewertet",,data/Praesenzen_hv-info/METRO AG-15292/ASM/HV-Beschluss zur ordentlichen Hauptversammlung am 11.02.22.pdf
15320,2015,True,29.64,29.64,True,False,Testdatensatz fehlerhaft,,data/Praesenzen_hv-info/Heidelberger Druckmaschinen AG-15320/ASM/HV-Beschluss zur ordentlichen Hauptversammlung am 24.07.15.pdf
15312,2015,True,74.43,74.43,True,False,Testdatensatz fehlerhaft,,data/Praesenzen_hv-info/Südzucker AG-15312/ASM/HV-Beschluss zur ordentlichen Hauptversammlung am 16.07.15.pdf
15342,2015,True,74.96,74.96,True,False,,,data/Praesenzen_hv-info/TAG Immobilien AG-15342/ASM/HV-Beschluss zur ordentlichen Hauptversammlung am 19.06.15.pdf
15352,2015,True,85.89,85.89,True,False,Testdatensatz fehlerhaft,,data/Praesenzen_hv-info/Ströer SE & Co. KGaA-15352/ASM/HV-Beschluss zur ordentlichen Hauptversammlung am 30.06.15.pdf
15358,2004,True,56.18,56.18,True,False,"Dokument fehlt, alternatives korrekt bewertet",,data/Praesenzen_hv-info/ThyssenKrupp AG-15358/ASM/HV-Beschluss zur ordentlichen Hauptversammlung am 23.01.04.pdf
15394,2015,True,39.05,39.05,True,False,Testdatensatz fehlerhaft,,data/Praesenzen_hv-info/Villeroy & Boch AG-15394/ASM/HV-Beschluss zur ordentlichen Hauptversammlung am 27.03.15.pdf
15401,2012,True,49.81,49.81,True,False,,,data/Praesenzen_hv-info/Vossloh AG-15401/ASM/HV-Beschluss zur ordentlichen Hauptversammlung am 23.05.12.pdf
15408,2007,False,NaN,0.0,True,False,Angabe zum Grundkapital fehlt,,data/Praesenzen_hv-info/H&R GmbH & Co. KGaA-15408/ASM/HV-Beschluss zur ordentlichen Hauptversammlung am 19.07.07.pdf
15442,2014,False,NaN,99.77,,False,"Dokument fehlt, alternatives fehlerhaft bewertet, lässt durch Fehlermeldung bei Angaben über 99% herausfiltern",,data/Praesenzen_hv-info/ZEAL Network SE-15442/ASM/HV-Beschluss zur ordentlichen Hauptversammlung am 19.06.14.pdf
15503,2008,True,46.04,46.04,True,False,,,data/Praesenzen_hv-info/Commerzbank AG-15503/ASM/HV-Beschluss zur ordentlichen Hauptversammlung am 15.05.08.pdf
15619,2007,True,38.44,99.78,,False,"Dokument fehlt, alternatives fehlerhaft bewertet, lässt durch Fehlermeldung bei Angaben über 99% herausfiltern",,data/Praesenzen_hv-info/Hannover Rück SE-15619/ASM/HV-Beschluss zur ordentlichen Hauptversammlung am 03.05.07.pdf
15635,2004,True,44.89,44.89,True,False,,,data/Praesenzen_hv-info/Münchener Rückversicherungs-Gesellschaft AG-15635/ASM/HV-Beschluss zur ordentlichen Hauptversammlung am 26.05.04.pdf
15645,2001,True,41.92,41.92,True,False,Testdatensatz fehlerhaft,,data/Praesenzen_hv-info/E.ON SE-15645/ASM/HV-Beschluss zur ordentlichen Hauptversammlung am 05.05.11.pdf
15646,2014,True,49.89,49.89,True,False,"Dokument fehlt, alternatives korrekt bewertet",,data/Praesenzen_hv-info/Sport1 Medien AG-15646/ASM/HV-Beschluss zur ordentlichen Hauptversammlung am 30.07.14.pdf
15660,2014,True,62.3,62.3,True,False,,,data/Praesenzen_hv-info/Diebold Nixdorf  AG-15660/ASM/HV-Beschluss zur ordentlichen Hauptversammlung am 20.01.14.pdf
15663,2014,True,19.48,19.48,True,False,,,data/Praesenzen_hv-info/MTU Aero Engines AG-15663/ASM/HV-Beschluss zur ordentlichen Hauptversammlung am 08.05.14.pdf
15665,2011,True,84.6,84.6,True,False,,,data/Praesenzen_hv-info/SMA Solar Technology AG-15665/ASM/HV-Beschluss zur ordentlichen Hauptversammlung am 26.05.11.pdf
15669,2011,True,73.37,99.31,,False,lässt durch Fehlermeldung bei Angaben über 99% herausfiltern,,data/Praesenzen_hv-info/Sky Deutschland AG-15669/ASM/HV-Beschluss zur ordentlichen Hauptversammlung am 15.04.11.pdf
15679,2011,True,63.01,63.01,True,False,Testdatensatz fehlerhaft,,data/Praesenzen_hv-info/Deutsche Wohnen SE-15679/ASM/HV-Beschluss zur ordentlichen Hauptversammlung am 31.05.11.pdf
15674,2013,True,28.53,28.53,True,False,Testdatensatz fehlerhaft,,data/Praesenzen_hv-info/Praktiker AG-15674/ASM/HV-Beschluss zur ordentlichen Hauptversammlung am 29.05.13.pdf
15698,2015,True,56.06,56.06,True,False,,,data/Praesenzen_hv-info/Manz AG-15698/ASM/HV-Beschluss zur ordentlichen Hauptversammlung am 07.07.15.pdf
15711,2015,True,78.54,78.54,True,False,,,data/Praesenzen_hv-info/Gerresheimer AG-15711/ASM/HV-Beschluss zur ordentlichen Hauptversammlung am 30.04.15.pdf
15720,2015,True,53.1,53.1,True,False,,,data/Praesenzen_hv-info/SAF-Holland SE-15720/ASM/HV-Beschluss zur ordentlichen Hauptversammlung am 23.04.15.pdf
15734,2011,True,72.24,72.24,True,False,,,data/Praesenzen_hv-info/Tom Tailor Holding SE i.I.-15734/ASM/HV-Beschluss zur ordentlichen Hauptversammlung am 18.05.11.pdf
15739,2008,True,67.02,99.99,,False,lässt durch Fehlermeldung bei Angaben über 99% herausfiltern,,data/Praesenzen_hv-info/New Work SE-15739/ASM/HV-Beschluss zur ordentlichen Hauptversammlung am 21.05.08.pdf
15740,2015,True,52.99,100.0,,False,lässt durch Fehlermeldung bei Angaben über 99% herausfiltern,,data/Praesenzen_hv-info/RIB Software SE-15740/ASM/HV-Beschluss zur ordentlichen Hauptversammlung am 10.06.15.pdf
15743,2015,True,52.05,52.05,True,False,,,data/Praesenzen_hv-info/TLG Immobilien AG-15743/ASM/HV-Beschluss zur ordentlichen Hauptversammlung am 25.06.15.pdf
15749,2015,True,85.34,85.34,True,False,Testdatensatz fehlerhaft,,data/Praesenzen_hv-info/HELLA GmbH & Co. KGaA-15749/ASM/HV-Beschluss zur ordentlichen Hauptversammlung am 25.09.15.pdf
15751,2014,True,84.95,84.95,True,False,,,data/Praesenzen_hv-info/Vonovia SE-15751/ASM/HV-Beschluss zur ordentlichen Hauptversammlung am 09.05.14.pdf
15763,2015,True,61.62,61.62,True,False,Testdatensatz fehlerhaft,,data/Praesenzen_hv-info/Norma Group SE-15763/ASM/HV-Beschluss zur ordentlichen Hauptversammlung am 20.05.15.pdf
15765,2014,True,87.67,87.67,True,False,,,data/Praesenzen_hv-info/Telefonica Deutschland Holding AG-15765/ASM/HV-Beschluss zur ordentlichen Hauptversammlung am 20.05.14.pdf
15766,2010,True,63.33,63.33,True,False,,,data/Praesenzen_hv-info/ProSiebenSAT.1 Media SE-15766/ASM/HV-Beschluss zur ordentlichen Hauptversammlung am 29.06.10.pdf
15783,2014,True,95.85,95.85,True,False,Testdatensatz fehlerhaft,,data/Praesenzen_hv-info/Kabel Deutschland Holding AG-15783/ASM/HV-Beschluss zur ordentlichen Hauptversammlung am 09.10.14.pdf
15818,2015,True,57.38,57.38,True,False,Testdatensatz fehlerhaft,,data/Praesenzen_hv-info/LEG Immobilien AG-15818/ASM/HV-Beschluss zur ordentlichen Hauptversammlung am 24.06.15.pdf
15819,2014,True,93.96,93.96,True,False,,,data/Praesenzen_hv-info/Evonik Industries AG-15819/ASM/HV-Beschluss zur ordentlichen Hauptversammlung am 20.05.14.pdf
15820,2015,True,91.52,0.0,True,True,"Fehler, aber als Fehler erkannt",1,data/Praesenzen_hv-info/Talanx AG-15820/ASM/HV-Beschluss zur ordentlichen Hauptversammlung am 07.05.15.pdf
15829,2014,True,50.19,,True,False,,,data/Praesenzen_hv-info/Osram Licht AG-15829/ASM/HV-Beschluss zur ordentlichen Hauptversammlung am 27.02.14.pdf
15843,2013,True,43.11,43.11,True,False,Testdatensatz fehlerhaft,,data/Praesenzen_hv-info/GSW Immobilien AG-15843/ASM/HV-Beschluss zur ordentlichen Hauptversammlung am 18.06.13.pdf
15846,2015,True,80.44,80.44,True,False,,,data/Praesenzen_hv-info/KION GROUP AG-15846/ASM/HV-Beschluss zur ordentlichen Hauptversammlung am 12.05.15.pdf
15849,2009,True,64.14,99.9,,False,lässt durch Fehlermeldung bei Angaben über 99% herausfiltern,,data/Praesenzen_hv-info/PATRIZIA AG-15849/ASM/HV-Beschluss zur ordentlichen Hauptversammlung am 23.06.09.pdf
15852,2014,True,78.24,78.24,True,False,"Dokument fehlt, alternatives korrekt bewertet",,data/Praesenzen_hv-info/DO Deutsche Office AG-15852/ASM/HV-Beschluss zur ordentlichen Hauptversammlung am 20.05.14.pdf
15858,2010,True,26.25,0.0,True,True,"Fehler in der Bewertung, aber abgefangen und als Fehler angezeigt",1,data/Praesenzen_hv-info/SKW Stahl-Metallurgie Holding AG-15858/ASM/HV-Beschluss zur ordentlichen Hauptversammlung am 09.06.10.pdf
15861,2007,False,NaN,0.0,True,True,Angabe zum Grundkapital fehlt,Keine Kopfzeile gefunden,data/Praesenzen_hv-info/Symrise AG-15861/ASM/HV-Beschluss zur ordentlichen Hauptversammlung am 15.05.07.pdf
15863,2015,True,70.7,70.7,True,False,Testdatensatz fehlerhaft,,data/Praesenzen_hv-info/Tele Columbus AG-15863/ASM/HV-Beschluss zur außerordentlichen Hauptversammlung am 14.09.15.pdf
15868,2012,True,73.08,73.08,True,False,Testdatensatz fehlerhaft,,data/Praesenzen_hv-info/Wacker Chemie AG-15868/ASM/HV-Beschluss zur ordentlichen Hauptversammlung am 16.05.12.pdf
15870,2021,True,86.79,86.79,True,False,"Dokument fehlt, alternatives korrekt bewertet",,data/Praesenzen_hv-info/Zalando SE-15870/ASM/HV-Beschluss zur ordentlichen Hauptversammlung am 19.05.21.pdf
